name;price;expiration
Rubber Soap for Aperture #(26307594);$929.01;11/28/2021
Incredible Fresh Computer #(12561429);$696.87;5/18/2022
Silver Ergonomic Chips #(52015619);$452.06;8/6/2023
Bronze Soap for BlackMesa #(81789098);$79.91;8/4/2024
Globex Salad Recycled #(26208096);$664.51;10/26/2022
Weyland Ball with WiFi #(12136327);$617.55;6/23/2025
Handcrafted Fresh Soap #(90974228);$827.65;4/20/2025
Plastic Tuna for Initech #(55599531);$783.71;12/12/2024
Unbranded Rubber Salad #(77718881);$465.03;6/21/2025
Orange Generic Soap #(15296853);$35.52;7/18/2025
Wonka Unbranded Violet Keyboard #(68523561);$573.81;12/10/2025
Gorgeous Plastic Chair #(90620270);$312.27;9/1/2024
Bronze Fantastic Computer #(61914318);$787.69;5/20/2022
Soylent Fish Recycled #(18733898);$689.12;4/28/2026
Yoyodyne Generic Lime Cheese #(48774841);$687.37;11/25/2024
Grey Generic Pizza #(37704557);$267.08;1/17/2025
Bronze Generic Gloves #(49366968);$647.09;2/12/2020
Wooden Computer for Aperture #(78042734);$583.88;5/25/2020
Lime Tasty Computer #(72223355);$596.70;3/20/2025
Tyrell Chair with WiFi #(27680061);$815.15;3/23/2025
Sleek Rubber Chicken #(60714697);$192.93;11/22/2025
Glass Cheese for Acme #(27492342);$458.08;8/17/2021
Grey Handcrafted Bike #(40386401);$943.96;10/5/2022
Fresh Pants for Tyrell #(52609836);$180.72;8/14/2024
Hooli Luxury Lime Computer #(43497429);$747.59;3/5/2025
Large Metal Shirt #(69594753);$206.99;7/25/2025
Umbrella Chair Portable #(12926939);$625.99;11/21/2022
Gold Durable Soap #(94148137);$296.79;8/31/2022
Frozen Hat for Nook #(33679344);$432.61;1/23/2022
Leather Hat for Weyland #(24553007);$477.69;10/26/2025
Ceramic Mouse for Soylent #(34549672);$340.02;12/5/2022
Linen Pants for Massive #(51301805);$148.55;12/29/2022
MomCorp Generic Violet Chair #(96041011);$315.79;7/17/2023
Lime Budget Tuna #(21205287);$618.55;7/7/2023
Awesome Cotton Table #(30529900);$986.93;11/25/2023
Green Rustic Gloves #(61493840);$806.87;11/8/2026
Aperture Generic Bronze Table #(20324013);$367.03;5/22/2026
Soft Soap for Umbrella #(65783383);$511.07;2/5/2021
Umbrella Soap Eco-friendly #(24769596);$171.76;10/24/2026
Metal Bacon for Stark #(35425847);$506.38;10/29/2024
Tyrell Soap Fireproof #(55278898);$879.66;1/6/2023
Velvet Bike for Weyland #(61269432);$96.75;3/20/2021
Budget Plastic Pizza #(32157072);$844.48;10/18/2026
Unbranded Ceramic Shirt #(99482081);$361.75;2/5/2021
Plastic Bike for Aperture #(74352074);$312.31;6/19/2025
Luxury Granite Fish #(13414547);$319.25;7/6/2023
Generic Metal Pizza #(89167957);$356.25;2/15/2021
Indigo Handcrafted Car #(14794561);$983.32;1/2/2021
Orange Generic Sausages #(18479618);$300.00;10/21/2021
Soylent Sleek Indigo Shirt #(84573426);$416.15;9/2/2020
Wayne Tuna Waterproof #(33129456);$726.58;2/28/2022
Metal Chips for Wayne #(85515679);$159.09;6/3/2025
Dharma Fish Battery Powered #(61443987);$367.18;11/13/2023
Umbrella Refined Purple Pants #(87629295);$22.06;1/11/2026
Tyrell Practical Turquoise Shirt #(24437073);$864.19;12/30/2026
Yoyodyne Licensed Green Chair #(86371041);$191.75;7/1/2026
Turquoise Durable Ball #(35358483);$834.34;4/22/2022
Steel Shoe for Cyberdyne #(86550019);$518.96;12/2/2025
Dharma Sausages Automatic #(82507911);$382.86;11/2/2025
Linen Chips for Stark #(13533915);$768.43;7/24/2020
Wool Shirt for Umbrella #(48104492);$922.74;7/14/2025
Umbrella Keyboard Eco-friendly #(90246084);$818.68;8/15/2020
Glass Ball for Cyberdyne #(20093045);$214.37;5/18/2023
White Incredible Car #(80306308);$647.61;2/9/2023
Wayne Budget Turquoise Sausages #(21693101);$853.01;2/24/2021
Dharma Large Bronze Salad #(37888334);$587.78;11/28/2020
Wayne Small Turquoise Cheese #(87151764);$750.69;12/29/2020
Gorgeous Linen Computer #(79198926);$608.12;6/30/2021
Small Leather Gloves #(57243521);$738.33;4/8/2022
Refined Linen Shirt #(16173144);$593.75;6/27/2020
Massive Gloves 2025 Model #(54012997);$932.32;7/4/2023
Acme Luxury Lime Pizza #(34869639);$648.66;10/22/2020
MomCorp Bike Recycled #(51141617);$26.84;3/13/2026
Wonka Durable Purple Chair #(85340278);$721.06;4/3/2022
Refined Wool Chair #(89980665);$777.83;5/6/2023
Acme Awesome Orange Cheese #(29575821);$928.78;12/5/2025
Indigo Budget Chair #(22626164);$800.39;11/17/2026
Stark Large Green Shirt #(38169118);$910.98;4/18/2024
BlackMesa Refined Indigo Tuna #(85757222);$152.22;8/15/2024
Ceramic Fish for Hooli #(97626333);$626.84;12/3/2021
MomCorp Incredible Violet Sausages #(96197128);$994.72;3/4/2020
Soft Bacon for Wayne #(81885982);$305.36;9/11/2021
Rustic Steel Ball #(30897498);$816.50;1/15/2025
Unbranded Plastic Table #(96407703);$302.76;12/28/2023
Yoyodyne Handcrafted Violet Hat #(60654519);$127.70;2/19/2021
Ergonomic Fresh Salad #(18671610);$287.26;2/9/2021
Gold Generic Ball #(51922114);$0.40;3/21/2026
Globex Shirt Manual #(45666707);$853.71;7/5/2023
Yoyodyne Fish 2025 Model #(70970448);$589.65;12/8/2025
Generic Soft Computer #(64978600);$636.63;1/2/2025
BlackMesa Intelligent Purple Towels #(74117338);$441.34;9/30/2024
Hooli Gorgeous Bronze Pizza #(28480111);$716.54;12/16/2023
Wayne Soap Battery Powered #(41774024);$966.89;4/25/2021
Metal Towels for Umbrella #(88984846);$462.41;2/2/2024
Nook Computer Collector Item #(50469617);$825.97;6/6/2021
Wonka Budget Silver Computer #(94521386);$312.88;4/4/2022
Sleek Steel Pizza #(98562259);$760.60;3/5/2024
Vandelay Tuna Heavy Duty #(88665179);$24.52;4/28/2021
Aperture Gloves Compact #(24011451);$693.48;11/3/2021
Luxury Ceramic Pizza #(34613370);$842.49;5/29/2020
White Durable Shoe #(11788491);$222.60;11/24/2022
Silver Handcrafted Chicken #(96717349);$803.91;9/6/2023
Intelligent Wooden Chicken #(39400925);$344.34;4/25/2020
Silver Ergonomic Bacon #(84655998);$395.11;11/8/2022
Pink Tasty Ball #(98979891);$82.14;7/16/2024
Wayne Budget Violet Chair #(90260208);$372.74;8/22/2025
Vandelay Fish with WiFi #(91681560);$863.55;4/14/2021
Globex Chair Collector Item #(69700645);$472.56;11/5/2023
Soylent Hat Eco-friendly #(80534364);$161.34;3/11/2025
Massive Table Portable #(77951685);$381.74;1/22/2022
Durable Concrete Gloves #(98276816);$602.64;4/5/2026
Silk Gloves for Yoyodyne #(21952414);$942.61;7/4/2021
Rubber Shoe for Globex #(28101202);$110.82;1/4/2025
Metal Pants for Wonka #(95894110);$670.64;12/23/2024
Luxury Bronze Chips #(15383322);$93.43;10/15/2021
Soft Computer for Nook #(51533197);$682.56;2/8/2026
Cyberdyne Gorgeous Orange Computer #(47506914);$161.91;11/5/2024
Silver Incredible Mouse #(71627847);$192.64;3/19/2024
Stark Table with WiFi #(24600489);$262.63;4/27/2026
Handcrafted Steel Ball #(43408652);$838.73;7/3/2024
Plastic Salad for Umbrella #(49276365);$211.77;1/18/2024
Umbrella Computer Lightweight #(14176096);$416.54;11/28/2021
Soft Soap for Nook #(21235799);$833.48;6/3/2021
Wooden Chicken for Wayne #(23618964);$464.41;2/17/2023
Initech Budget White Shoe #(71845170);$641.65;4/14/2026
Acme Shoe Fireproof #(76497547);$262.25;5/30/2025
Umbrella Awesome Yellow Computer #(92601274);$696.58;7/8/2025
Cotton Chips for Initech #(94058633);$985.45;6/10/2022
Wonka Car Vintage Edition #(65737024);$80.64;10/21/2026
Granite Towels for Yoyodyne #(83455625);$836.85;12/27/2020
Plastic Gloves for Wonka #(65237017);$813.51;2/27/2020
MomCorp Large Silver Chicken #(89695563);$530.43;2/24/2020
MomCorp Sleek Orange Pants #(62686647);$421.69;9/2/2021
Intelligent Cotton Gloves #(20788471);$367.76;9/24/2026
Leather Chips for Weyland #(43268838);$762.28;6/1/2025
Rustic Ceramic Mouse #(98290673);$612.28;9/10/2026
Massive Keyboard Automatic #(62383751);$0.69;12/14/2026
Initech Tasty Violet Towels #(14693039);$833.84;10/2/2021
Cyberdyne Gorgeous Gold Chips #(70282238);$688.60;2/26/2024
Blue Licensed Salad #(98587470);$596.71;1/25/2021
Cyberdyne Fish Lightweight #(62658664);$354.69;9/24/2026
Budget Wool Shoe #(17979902);$825.40;3/10/2026
Yoyodyne Refined Blue Soap #(33898617);$948.00;1/21/2026
Grey Practical Bike #(14432322);$96.78;1/29/2024
Umbrella Generic Purple Pizza #(60591444);$599.49;6/10/2020
Ergonomic Granite Sausages #(45661373);$314.57;5/22/2026
Tasty Wool Computer #(10287829);$208.69;11/4/2021
Bronze Shoe for Acme #(97488138);$402.59;4/11/2020
Glass Computer for Hooli #(20681946);$190.38;12/27/2020
Teal Intelligent Bacon #(17857644);$319.41;2/21/2026
Fantastic Linen Soap #(17131395);$619.83;7/4/2025
Hooli Budget Violet Table #(14219693);$411.68;11/3/2025
Wonka Durable Red Soap #(83774473);$278.66;4/16/2024
Aperture Awesome Purple Mouse #(98874544);$766.97;7/5/2023
MomCorp Rustic Purple Table #(97997191);$218.30;11/5/2024
Fresh Chicken for Cyberdyne #(26590340);$289.61;11/19/2026
Leather Bacon for Stark #(14294190);$774.09;10/14/2025
Yoyodyne Refined Lime Chicken #(62242240);$698.06;3/1/2022
Teal Durable Chicken #(22397164);$725.12;11/1/2024
Silk Soap for Vandelay #(99880722);$683.22;11/6/2023
Gorgeous Rubber Car #(34565398);$466.52;8/4/2023
Frozen Shirt for MomCorp #(89402263);$579.48;11/25/2024
Initech Sausages Eco-friendly #(83393765);$287.05;9/25/2025
Cyberdyne Ball Lightweight #(69475773);$218.07;9/26/2023
Dharma Budget Indigo Chips #(71219401);$502.37;4/25/2026
Yellow Ergonomic Fish #(51000975);$451.69;4/11/2023
Concrete Bacon for MomCorp #(64105335);$930.21;8/10/2023
Refined Rubber Computer #(80916591);$520.39;5/22/2022
Soft Pants for Nook #(37717356);$615.07;2/16/2026
Gorgeous Soft Gloves #(19199410);$299.15;5/18/2023
Teal Sleek Keyboard #(33819496);$990.69;7/17/2022
Wool Ball for Hooli #(20979989);$665.44;8/5/2023
Plastic Shirt for Tyrell #(88040150);$509.07;5/31/2020
Luxury Wooden Pants #(83961629);$23.89;12/30/2020
Glass Shoe for BlackMesa #(10423603);$602.89;4/15/2025
Stark Table Eco-friendly #(20034106);$11.07;6/8/2022
Leather Soap for Initech #(27716943);$797.73;12/17/2022
Licensed Metal Chips #(20793569);$394.32;5/23/2025
Ergonomic Velvet Shirt #(65294245);$627.72;6/5/2022
Refined Metal Soap #(56892228);$393.70;10/11/2020
Awesome Velvet Computer #(43682873);$163.86;12/20/2024
Stark Awesome Black Bike #(34813202);$667.24;11/5/2026
Ergonomic Frozen Chips #(74814388);$846.50;1/18/2026
Bronze Refined Pants #(78081955);$972.04;12/2/2026
Initech Tuna Compact #(63643296);$837.75;1/22/2020
Bronze Tuna for Massive #(41713827);$947.85;7/25/2020
Soft Chicken for Aperture #(68260493);$143.61;1/11/2026
Dharma Chicken Collector Item #(17944652);$702.56;7/14/2020
Velvet Sausages for MomCorp #(16800903);$411.52;3/31/2021
Silver Ergonomic Chair #(35877494);$154.05;10/15/2022
Fresh Pants for Tyrell #(27441931);$124.02;4/26/2024
Rustic Frozen Fish #(74032510);$160.06;8/17/2021
Copper Computer for Weyland #(52350398);$225.16;6/14/2025
Plastic Soap for Acme #(25682819);$347.78;9/28/2023
Globex Ball Compact #(66096868);$524.44;6/13/2025
Soylent Cheese Waterproof #(54892931);$502.36;11/18/2021
Soft Bacon for Yoyodyne #(19240532);$449.06;12/28/2022
Intelligent Linen Shirt #(38095137);$558.45;3/28/2022
White Awesome Salad #(68846861);$318.22;10/27/2023
Hooli Intelligent Orange Salad #(66191828);$200.90;6/22/2021
Umbrella Pizza with WiFi #(47919790);$344.23;11/6/2024
Refined Plastic Gloves #(86340032);$91.51;1/12/2020
Steel Shirt for Wayne #(94661640);$200.90;3/17/2023
Luxury Ceramic Bacon #(86149491);$798.88;5/2/2020
Fresh Chicken for Tyrell #(78812993);$989.04;9/14/2024
Nook Durable Violet Fish #(80017209);$382.58;10/27/2026
Hooli Computer Automatic #(63671553);$102.11;5/7/2022
Massive Awesome Grey Soap #(61164124);$860.86;6/16/2022
Stark Rustic Teal Shirt #(82232944);$81.08;11/2/2020
Sleek Glass Chicken #(82067831);$822.22;4/10/2021
Wonka Durable Pink Bike #(35888382);$684.77;7/16/2024
Wayne Chicken Eco-friendly #(41857895);$297.17;3/25/2025
Luxury Cotton Chair #(16230408);$764.98;6/10/2021
Fantastic Glass Car #(84694983);$934.17;3/13/2026
Teal Durable Car #(55523089);$491.08;11/30/2024
MomCorp Handcrafted Turquoise Hat #(61008546);$297.84;9/1/2021
MomCorp Pizza with WiFi #(18323643);$5.33;12/6/2026
Hooli Tuna with WiFi #(50629393);$338.62;6/8/2025
Yoyodyne Tasty Blue Soap #(27648611);$512.08;7/10/2021
Luxury Wooden Table #(31836478);$8.16;5/29/2022
Pink Generic Pants #(57242880);$599.37;10/28/2021
Initech Tuna Limited Edition #(86345276);$760.23;10/26/2022
Silk Hat for Globex #(52716014);$339.02;3/28/2025
Wonka Handcrafted Purple Salad #(85955376);$963.13;10/13/2021
Rubber Computer for Nook #(60763407);$999.23;2/13/2023
Silk Fish for Stark #(57161990);$957.25;4/23/2024
Ergonomic Velvet Bike #(69920714);$758.48;2/17/2025
Green Ergonomic Hat #(24050712);$234.30;2/23/2024
Violet Small Chair #(30150008);$210.86;5/10/2023
Red Ergonomic Hat #(21596341);$556.58;7/1/2022
Frozen Chicken for Acme #(26477513);$507.47;9/18/2024
Wool Towels for Hooli #(49378975);$307.42;9/7/2023
Turquoise Licensed Bacon #(56703403);$111.81;6/18/2023
Globex Bacon Manual #(93662363);$902.72;1/26/2020
Tyrell Refined Purple Keyboard #(26838921);$734.18;11/10/2025
Dharma Towels Battery Powered #(57940495);$841.93;9/19/2025
Tyrell Large Green Hat #(49859085);$408.37;9/29/2026
Small Wooden Towels #(25505160);$66.32;5/27/2020
Cyberdyne Tasty Turquoise Gloves #(36376111);$628.61;8/1/2021
Intelligent Granite Pizza #(26719717);$236.71;11/10/2024
Handcrafted Fresh Shirt #(77844920);$135.42;1/7/2025
Wonka Pants Vintage Edition #(75393911);$747.77;10/6/2024
Practical Velvet Soap #(33124111);$773.96;7/2/2025
Tyrell Soap Heavy Duty #(21629840);$621.42;8/3/2020
Intelligent Silk Keyboard #(95126688);$344.04;2/20/2022
Weyland Large Violet Towels #(50755623);$332.11;6/22/2023
Teal Durable Chips #(18087182);$781.73;12/29/2020
Frozen Ball for Dharma #(98272015);$562.72;2/20/2022
Yoyodyne Rustic Bronze Bacon #(41568753);$58.03;11/9/2025
Budget Linen Tuna #(73965873);$819.01;11/29/2025
Dharma Computer Lightweight #(96118302);$866.17;3/20/2025
Durable Velvet Sausages #(95043308);$908.21;9/25/2025
Rubber Shirt for Hooli #(62481471);$380.74;12/3/2024
Grey Practical Fish #(39273732);$472.82;7/9/2023
Grey Budget Gloves #(24452681);$947.59;5/27/2026
Silk Salad for Vandelay #(98976433);$250.83;8/8/2025
Red Large Ball #(33977732);$716.98;4/29/2024
Luxury Ceramic Salad #(26255217);$225.47;10/25/2026
MomCorp Towels Portable #(40526353);$918.12;7/30/2022
Wonka Fantastic Blue Salad #(62676979);$257.22;7/15/2020
Massive Generic Turquoise Soap #(96824690);$697.23;11/27/2025
Tasty Glass Towels #(50629063);$405.72;5/29/2020
Turquoise Sleek Shirt #(95511859);$14.48;9/16/2021
Fresh Chicken for Globex #(90827588);$54.92;1/15/2025
Bronze Mouse for Weyland #(36902016);$10.28;1/16/2020
Initech Bacon Recycled #(57839804);$143.34;3/15/2022
Silk Shirt for Hooli #(35096436);$215.44;4/24/2022
Aperture Hat Compact #(37755269);$372.60;6/21/2020
Incredible Steel Computer #(81524266);$41.85;9/29/2025
Dharma Fish Automatic #(59974629);$728.48;11/29/2023
Teal Practical Chicken #(83408757);$208.59;9/4/2025
Pink Sleek Bacon #(31194353);$568.22;5/29/2020
Fantastic Cotton Computer #(52338752);$637.99;5/2/2021
Durable Linen Soap #(29424054);$423.47;8/3/2021
Cotton Gloves for Soylent #(68700358);$881.16;8/7/2023
Rustic Concrete Soap #(28581535);$104.31;6/20/2025
Soylent Tasty Bronze Pants #(53667034);$62.56;1/13/2021
Yoyodyne Soap Automatic #(56288052);$98.00;10/20/2026
BlackMesa Incredible Blue Computer #(50554835);$211.83;12/31/2025
Ergonomic Frozen Fish #(49656989);$481.14;1/30/2026
Aperture Chair Vintage Edition #(71098919);$644.92;7/8/2023
Glass Soap for Stark #(48499664);$672.86;3/17/2020
Nook Pizza Manual #(85446819);$143.70;6/6/2021
Budget Ceramic Tuna #(33768043);$357.52;5/13/2020
Unbranded Concrete Towels #(31550858);$194.90;12/4/2023
MomCorp Sleek Bronze Pants #(63724479);$32.87;2/14/2023
Budget Copper Computer #(29447359);$765.67;10/29/2020
Wonka Chicken Lightweight #(13375236);$929.13;1/3/2023
Budget Concrete Chair #(20927182);$188.38;11/25/2020
Massive Keyboard 2025 Model #(14725598);$18.52;3/6/2020
Soylent Small Purple Chips #(17065633);$251.94;11/18/2021
Soylent Ergonomic Grey Keyboard #(80732937);$15.78;7/3/2023
Yellow Gorgeous Table #(52356406);$646.38;10/31/2020
Dharma Gorgeous Cyan Bike #(34825352);$75.55;6/6/2023
Unbranded Rubber Tuna #(77661566);$650.20;11/25/2026
Velvet Sausages for Wonka #(94632994);$615.97;9/29/2024
Weyland Chair Limited Edition #(39567498);$630.60;8/1/2021
Plastic Shirt for Weyland #(99723286);$84.86;8/11/2026
Dharma Gloves Collector Item #(60163296);$401.10;6/10/2024
Silk Sausages for Initech #(87564350);$944.70;3/21/2026
Purple Ergonomic Soap #(71536304);$532.36;10/21/2024
Cyan Generic Ball #(74860637);$459.29;9/28/2020
Concrete Computer for Weyland #(60939551);$614.24;6/27/2020
Weyland Towels Waterproof #(63432675);$756.35;6/6/2022
Black Practical Chicken #(74826978);$335.98;4/18/2023
Weyland Chips Battery Powered #(31726974);$28.38;3/3/2025
Concrete Soap for Weyland #(70560541);$846.40;11/22/2020
Green Refined Ball #(97523917);$230.75;12/26/2022
Cyan Refined Soap #(20246386);$759.07;4/30/2026
Unbranded Fresh Hat #(69655618);$13.12;9/18/2025
Granite Table for Initech #(83444667);$815.54;4/20/2020
Initech Intelligent Blue Fish #(12983965);$964.86;7/20/2022
Dharma Pants Eco-friendly #(60368196);$800.00;6/18/2026
Durable Glass Towels #(52019101);$838.69;5/23/2025
Dharma Pizza Vintage Edition #(51748229);$743.42;11/7/2022
Copper Sausages for Globex #(55071328);$849.09;2/17/2020
Granite Chair for Aperture #(44998426);$997.65;12/27/2022
Budget Bronze Towels #(87810848);$40.69;7/23/2026
Wool Chips for Globex #(19893735);$279.73;7/4/2021
Large Bronze Gloves #(77965907);$55.67;3/10/2023
Luxury Velvet Computer #(52230343);$407.38;3/30/2021
Ergonomic Granite Bike #(19781366);$226.88;10/22/2021
Yoyodyne Computer Vintage Edition #(52526786);$700.36;3/16/2024
Plastic Keyboard for Vandelay #(30567399);$218.67;5/27/2025
Wonka Gloves Portable #(85876078);$611.35;12/30/2025
Awesome Wool Fish #(12071716);$549.56;8/31/2025
Budget Concrete Chicken #(80805130);$212.76;10/11/2025
Tasty Cotton Hat #(19671974);$212.29;7/11/2023
Dharma Shirt Compact #(50614843);$264.97;7/16/2024
Wayne Generic Black Fish #(31688792);$392.59;10/3/2023
Copper Mouse for Aperture #(53506073);$7.55;9/7/2021
Silk Computer for Wayne #(41173169);$821.84;7/10/2022
Wayne Intelligent Teal Bike #(95027056);$390.17;11/11/2021
Aperture Durable Gold Fish #(28740680);$306.63;8/29/2022
Wayne Pants Portable #(69675958);$953.17;12/19/2021
Rubber Chair for Wayne #(66295435);$510.07;12/18/2021
Granite Pizza for Wayne #(64478347);$383.39;6/29/2024
Cotton Pizza for Hooli #(86348558);$991.22;2/29/2024
Yoyodyne Cheese Collector Item #(44934968);$58.46;7/12/2023
MomCorp Fantastic Blue Bacon #(40794634);$946.65;2/3/2025
Acme Generic Blue Chips #(84393150);$990.14;12/15/2021
Fantastic Rubber Table #(26476735);$318.20;2/2/2025
Bronze Keyboard for Weyland #(32466309);$398.49;8/12/2026
Ceramic Tuna for Initech #(68063541);$670.14;4/18/2025
Umbrella Keyboard 2025 Model #(97799047);$910.81;5/27/2025
Teal Intelligent Pants #(83116958);$64.20;6/11/2022
Massive Luxury Gold Car #(22174166);$238.61;4/26/2023
Steel Soap for MomCorp #(49147993);$719.19;11/24/2021
Steel Hat for Globex #(82585647);$645.90;10/4/2022
Handcrafted Ceramic Shirt #(58719947);$36.76;9/12/2020
Lime Large Pizza #(95649273);$22.65;10/4/2021
Grey Unbranded Gloves #(86437959);$207.90;12/13/2022
Soylent Hat Heavy Duty #(45681774);$141.31;5/27/2021
Durable Copper Ball #(87025179);$337.31;8/5/2022
BlackMesa Ball Waterproof #(34079823);$387.61;2/14/2025
Green Fantastic Mouse #(34127201);$123.99;9/8/2023
Tasty Steel Fish #(79755173);$120.42;12/24/2021
Incredible Linen Bacon #(33485178);$284.93;6/10/2026
Massive Bike Limited Edition #(37814032);$493.80;4/9/2021
Plastic Chips for Tyrell #(78007104);$822.35;2/4/2026
Stark Licensed Pink Cheese #(65613366);$986.03;6/7/2022
Umbrella Fish Portable #(86106263);$422.33;10/7/2020
Linen Hat for Initech #(57308593);$440.19;1/23/2021
Silk Chair for Globex #(80580826);$568.64;3/21/2020
Wooden Chair for MomCorp #(87916455);$97.06;3/8/2024
BlackMesa Car Portable #(21517326);$383.00;5/16/2022
Copper Tuna for Wonka #(73521005);$819.33;3/17/2021
Granite Chicken for Tyrell #(55822135);$731.82;12/14/2023
Dharma Practical Cyan Computer #(95962340);$752.80;9/6/2026
Orange Durable Towels #(68578070);$361.70;11/18/2026
Intelligent Steel Table #(56959867);$686.86;11/10/2026
Small Linen Chicken #(76144053);$613.57;8/15/2021
Soylent Cheese Manual #(70337849);$237.88;4/25/2022
Yoyodyne Pants Heavy Duty #(44136166);$625.57;3/19/2022
Practical Granite Shoe #(76605360);$381.51;8/28/2022
Globex Incredible White Tuna #(52315511);$764.13;1/27/2026
Linen Chair for Weyland #(88457511);$270.10;9/28/2026
MomCorp Ergonomic Gold Keyboard #(17351061);$861.78;2/7/2020
Acme Cheese 2025 Model #(40659369);$789.55;4/22/2022
Fantastic Glass Bike #(71041565);$4.21;7/15/2021
Soft Pizza for Globex #(64922609);$376.62;9/8/2025
Granite Bacon for Acme #(26556963);$637.13;5/2/2025
Steel Pizza for Cyberdyne #(35776702);$883.88;6/30/2025
Unbranded Velvet Cheese #(73031297);$234.02;6/20/2024
Fantastic Glass Table #(77351427);$55.30;9/27/2024
Fantastic Frozen Chair #(95402044);$736.60;2/19/2022
Budget Ceramic Shirt #(43117061);$527.78;11/2/2020
Umbrella Durable Yellow Chair #(15405178);$530.38;12/26/2023
Massive Handcrafted Magenta Salad #(18289916);$933.42;10/23/2023
Aperture Durable Indigo Bacon #(52620143);$402.33;5/4/2025
Umbrella Generic Yellow Mouse #(69199793);$728.09;8/25/2021
MomCorp Computer Automatic #(43311978);$807.05;1/29/2020
Silver Practical Computer #(93093958);$401.40;2/16/2024
Stark Durable Teal Shoe #(28979982);$520.12;11/20/2026
Red Luxury Keyboard #(92544704);$559.25;7/28/2020
Teal Gorgeous Bacon #(80390017);$219.41;2/5/2025
Silver Intelligent Chicken #(59530434);$165.11;5/8/2020
Leather Pizza for Umbrella #(52670111);$733.46;5/31/2026
Cyberdyne Unbranded Yellow Computer #(12338062);$133.07;10/23/2025
MomCorp Computer Automatic #(46635353);$685.90;12/2/2025
Dharma Rustic Cyan Fish #(91437495);$30.85;5/26/2023
Cyberdyne Soap Lightweight #(67565927);$282.96;10/20/2023
Stark Computer Recycled #(82718632);$559.25;6/6/2024
Yoyodyne Fish Manual #(47741362);$618.93;4/7/2023
Soylent Awesome Gold Shoe #(46420479);$233.81;6/7/2024
Metal Fish for Initech #(19205060);$219.99;10/19/2021
Soylent Fish Portable #(87216065);$594.55;2/23/2021
Small Leather Sausages #(60745193);$624.75;6/2/2025
Nook Luxury Gold Mouse #(54681664);$804.97;9/8/2026
Bronze Unbranded Ball #(92580617);$482.58;12/29/2020
Acme Computer Portable #(76405162);$253.62;4/23/2025
Green Incredible Gloves #(98989360);$375.81;10/19/2023
Large Ceramic Fish #(88417885);$295.53;10/11/2024
Weyland Rustic Yellow Chair #(83492622);$498.78;8/16/2022
Rubber Pants for MomCorp #(44366037);$648.13;10/5/2021
Orange Ergonomic Bike #(21035242);$250.52;1/18/2021
Frozen Gloves for Yoyodyne #(99822120);$160.94;3/24/2025
Sleek Soft Cheese #(83546289);$13.54;5/14/2023
Frozen Pizza for Wonka #(74348410);$747.72;4/18/2020
Cyberdyne Refined Lime Hat #(71933849);$122.94;5/4/2020
Acme Licensed Indigo Chicken #(68011403);$262.40;6/7/2022
Violet Intelligent Tuna #(47583680);$635.36;8/17/2025
Stark Generic Purple Shirt #(94580410);$735.93;2/5/2022
Initech Generic Lime Tuna #(68033151);$592.37;8/3/2025
Sleek Fresh Bike #(13019923);$836.19;8/5/2024
Luxury Metal Table #(87300393);$664.21;10/1/2024
MomCorp Bacon 2025 Model #(54414270);$902.56;8/8/2020
Nook Sleek Red Chips #(24721172);$968.66;8/10/2020
Weyland Pizza Manual #(65521678);$290.76;12/30/2022
Tyrell Handcrafted Bronze Table #(10420686);$940.71;1/22/2021
BlackMesa Sausages Vintage Edition #(90848502);$833.30;7/27/2023
Indigo Large Soap #(17844347);$76.48;12/18/2023
Awesome Wool Shirt #(54271389);$512.50;5/10/2022
Yoyodyne Chips Lightweight #(49739050);$488.39;10/23/2025
Handcrafted Ceramic Pants #(50847935);$307.53;8/9/2025
Bronze Small Soap #(81129529);$442.20;9/26/2026
Hooli Durable Blue Fish #(17283760);$153.25;4/20/2023
Refined Silk Chicken #(40867949);$460.58;3/15/2024
Indigo Awesome Towels #(50611192);$216.46;1/1/2023
Tasty Silk Bacon #(71995748);$110.64;8/18/2022
Grey Luxury Salad #(65714143);$590.75;12/10/2024
Gold Fantastic Pizza #(78490735);$876.94;11/9/2020
Red Large Cheese #(70648520);$390.34;6/5/2020
Globex Awesome Blue Gloves #(61565801);$273.67;11/28/2021
Budget Fresh Soap #(95854339);$587.52;9/13/2026
Gold Small Shirt #(40329751);$438.55;10/22/2021
Aperture Intelligent Cyan Gloves #(83710670);$234.49;7/8/2023
Large Frozen Shoe #(75070104);$0.46;11/19/2020
Vandelay Hat Limited Edition #(58069061);$8.87;3/19/2021
Massive Sausages Collector Item #(74065171);$148.19;2/16/2024
Hooli Chicken Vintage Edition #(11922875);$127.10;5/21/2024
Black Budget Car #(54401744);$694.31;6/23/2023
Soft Tuna for Dharma #(32340055);$246.74;3/10/2021
Hooli Gloves Waterproof #(28033759);$567.31;2/4/2022
MomCorp Car Manual #(24409653);$470.59;9/4/2023
Initech Bacon Collector Item #(94109628);$294.27;7/7/2024
Velvet Cheese for Vandelay #(89955104);$394.03;3/15/2026
Dharma Computer 2025 Model #(76167499);$819.15;3/2/2021
Wayne Hat Portable #(20445250);$535.35;10/19/2023
Unbranded Copper Salad #(28131830);$14.79;7/9/2020
Wonka Awesome Pink Pizza #(63820144);$50.89;1/6/2026
Dharma Salad Portable #(66945280);$28.46;3/31/2020
Wonka Awesome Blue Salad #(73972181);$849.14;7/12/2020
Silver Practical Computer #(15558006);$110.12;8/29/2024
Leather Table for Nook #(87195555);$772.42;3/18/2025
Gorgeous Ceramic Tuna #(25482787);$993.35;2/12/2026
Bronze Incredible Keyboard #(54434251);$628.16;1/26/2021
Weyland Fish with WiFi #(90367235);$112.52;10/11/2022
Rustic Plastic Soap #(89180958);$979.78;11/30/2020
Plastic Keyboard for Soylent #(30923644);$639.55;3/9/2021
Indigo Tasty Pants #(15068504);$649.39;6/27/2020
Cyberdyne Fish with WiFi #(39481596);$131.23;7/7/2022
Wonka Hat Vintage Edition #(88457650);$295.40;6/18/2025
Intelligent Velvet Soap #(17240978);$516.52;6/12/2023
Luxury Metal Computer #(10075462);$902.39;6/30/2020
Umbrella Small Gold Soap #(93278691);$141.62;6/29/2021
Wayne Cheese Recycled #(70853013);$726.32;7/5/2023
Vandelay Hat with WiFi #(55133122);$749.68;10/27/2024
Yoyodyne Pizza Recycled #(63652985);$529.06;5/29/2022
Nook Durable Cyan Hat #(70753033);$617.21;7/12/2026
Gold Practical Computer #(85213823);$587.95;1/28/2022
Aperture Computer Manual #(62302789);$232.58;2/19/2026
Metal Cheese for Hooli #(45295410);$555.05;5/24/2025
Cyberdyne Practical Cyan Chips #(53564572);$740.57;4/19/2026
MomCorp Generic Bronze Computer #(88354219);$908.80;6/8/2020
Indigo Small Towels #(78853652);$634.06;3/25/2026
Lime Rustic Pizza #(41704724);$891.91;2/9/2026
Globex Keyboard Automatic #(45044072);$378.17;3/12/2025
Ceramic Hat for Hooli #(30228159);$20.11;4/23/2020
Large Wool Shirt #(51321313);$914.00;11/7/2021
Umbrella Pizza Vintage Edition #(17898134);$726.64;8/30/2020
Small Ceramic Chips #(14565347);$72.47;5/23/2025
Wooden Ball for Cyberdyne #(68100432);$825.55;6/23/2023
Indigo Fantastic Hat #(13415076);$187.32;4/19/2020
Yoyodyne Tasty Black Keyboard #(70526072);$286.61;10/6/2023
Metal Sausages for Aperture #(59816817);$62.34;2/4/2021
Cyberdyne Sleek Black Chips #(40557236);$70.14;1/22/2020
Incredible Steel Salad #(59931931);$308.45;8/28/2022
Yoyodyne Luxury Gold Bike #(27831901);$828.70;2/17/2026
Durable Metal Computer #(17485491);$778.06;8/9/2021
Wayne Bike Limited Edition #(89990801);$733.46;12/18/2020
Nook Hat Eco-friendly #(62175082);$322.30;12/8/2026
Orange Ergonomic Soap #(34851780);$287.89;11/8/2020
Vandelay Cheese Recycled #(34501143);$823.11;6/20/2021
Linen Mouse for Globex #(34084975);$552.94;2/16/2020
MomCorp Refined Gold Soap #(30422189);$434.41;3/18/2026
Sleek Soft Pizza #(77294994);$583.39;12/16/2024
Ergonomic Bronze Towels #(49862883);$997.36;3/20/2022
Black Fantastic Chicken #(68460906);$415.54;3/25/2020
Fantastic Glass Salad #(41948181);$288.99;5/29/2021
Hooli Sleek Blue Bacon #(10239433);$412.49;4/15/2023
Tasty Velvet Hat #(84041804);$96.85;6/5/2023
Indigo Budget Salad #(55786184);$983.77;9/5/2026
Grey Tasty Towels #(18075339);$9.87;4/14/2021
Refined Leather Chips #(81928667);$745.76;7/29/2022
Umbrella Budget Yellow Chicken #(22455863);$24.03;5/20/2023
Nook Awesome Silver Keyboard #(70174555);$242.43;10/30/2026
Luxury Wooden Soap #(25975211);$267.09;1/5/2023
BlackMesa Shoe Lightweight #(17046722);$365.76;10/19/2023
Pink Handcrafted Mouse #(39913743);$898.14;10/28/2023
Initech Gloves Compact #(80585893);$65.61;7/25/2021
Steel Shoe for Hooli #(73664073);$49.88;5/9/2022
Velvet Keyboard for Weyland #(14549636);$300.41;4/28/2026
Cyberdyne Sleek Teal Chips #(13751838);$379.89;4/25/2020
White Small Salad #(69784343);$306.45;6/25/2021
Yellow Tasty Chair #(51605200);$814.38;3/19/2022
Gold Awesome Pizza #(42757839);$761.80;12/18/2026
Umbrella Shirt Fireproof #(89730582);$250.41;3/29/2022
Weyland Tasty Silver Computer #(68621844);$761.73;7/15/2025
White Large Gloves #(58168945);$975.50;6/29/2020
Aperture Keyboard Portable #(54061997);$576.39;3/8/2020
Initech Licensed Grey Fish #(21976695);$781.99;8/4/2020
Practical Plastic Cheese #(63363713);$753.43;8/24/2021
Luxury Copper Car #(47055711);$819.89;8/29/2023
Copper Hat for Massive #(95485894);$629.09;12/20/2021
Soft Table for Weyland #(45816102);$302.88;11/21/2022
Cyan Intelligent Pants #(42351711);$436.88;10/14/2020
Teal Tasty Soap #(33167183);$558.77;7/3/2023
Concrete Sausages for Hooli #(21379181);$48.59;12/13/2024
Gorgeous Fresh Pants #(96669177);$285.27;1/23/2020
Refined Steel Bacon #(68996951);$46.37;11/11/2020
Glass Ball for Vandelay #(23630426);$436.79;10/21/2026
Teal Incredible Chair #(23935825);$265.86;1/12/2026
Leather Table for Aperture #(43535258);$119.78;7/7/2025
Luxury Linen Soap #(36130438);$174.63;4/6/2023
Rubber Towels for MomCorp #(20436649);$46.41;5/23/2023
Handcrafted Concrete Computer #(81259651);$852.29;9/20/2021
Granite Ball for Vandelay #(69698270);$259.24;7/17/2025
Budget Steel Soap #(37726378);$518.04;6/4/2023
Teal Incredible Soap #(25735593);$122.92;7/2/2026
Ergonomic Silk Tuna #(69174033);$338.14;2/13/2021
BlackMesa Cheese Fireproof #(56103958);$557.44;10/25/2026
MomCorp Incredible Turquoise Ball #(46547457);$372.15;10/16/2022
Ergonomic Glass Car #(22368608);$790.39;1/26/2022
Stark Chicken Vintage Edition #(97373460);$493.74;10/14/2022
Soft Computer for Weyland #(56726831);$431.21;11/24/2020
Acme Budget Grey Gloves #(12584782);$729.08;4/29/2024
Green Refined Pants #(92461717);$845.69;9/15/2022
MomCorp Incredible White Table #(80576051);$249.04;5/29/2025
Vandelay Hat Recycled #(15365334);$101.91;10/3/2023
Bronze Tasty Keyboard #(46015983);$970.83;3/31/2022
Wool Chair for Nook #(70175801);$408.84;2/9/2024
Soylent Awesome Orange Sausages #(85714356);$4.80;7/26/2025
Initech Chips Battery Powered #(40947484);$322.38;12/26/2025
Licensed Cotton Gloves #(41499896);$34.76;10/24/2021
Cyberdyne Chips Fireproof #(75722296);$510.70;1/12/2023
Stark Table Compact #(97177823);$964.79;11/28/2024
Concrete Soap for Dharma #(17507197);$119.75;3/18/2022
Concrete Computer for Acme #(64126191);$67.27;11/12/2026
Ceramic Pants for BlackMesa #(28036641);$177.44;9/28/2022
Frozen Soap for Hooli #(88517326);$974.91;5/31/2020
Weyland Car Waterproof #(90368205);$915.49;4/4/2021
Practical Concrete Table #(94007340);$338.36;2/27/2024
Plastic Chair for Wonka #(79238889);$737.80;7/16/2024
White Handcrafted Computer #(99003810);$92.88;10/9/2025
Initech Tuna Compact #(98465089);$578.46;1/21/2026
BlackMesa Generic Red Computer #(43104481);$217.67;5/6/2020
Magenta Licensed Chips #(89321262);$322.85;1/5/2022
Soylent Computer Eco-friendly #(47655323);$146.23;10/31/2024
Cyberdyne Awesome Lime Gloves #(12126119);$343.44;3/2/2022
Yoyodyne Towels Lightweight #(48374456);$685.31;3/19/2024
Tyrell Pants Recycled #(58581803);$828.91;1/7/2021
Bronze Sleek Bike #(80856500);$543.16;1/7/2020
Cyberdyne Towels Battery Powered #(11665153);$43.26;2/25/2025
MomCorp Fantastic Green Ball #(39423773);$642.81;1/16/2023
Handcrafted Soft Cheese #(37763272);$861.57;12/22/2024
Soylent Chicken Fireproof #(12422506);$898.17;9/21/2022
Wayne Small Grey Ball #(56019783);$307.38;9/8/2026
Pink Awesome Chicken #(88213827);$935.35;12/28/2021
Rubber Hat for Acme #(87866562);$986.67;11/23/2021
Handcrafted Ceramic Keyboard #(65952042);$75.81;9/18/2026
Cyan Sleek Keyboard #(18943314);$945.96;7/19/2025
Practical Concrete Car #(47399558);$684.19;5/11/2025
Dharma Soap Waterproof #(39336313);$735.46;7/3/2022
BlackMesa Refined Lime Hat #(48878618);$856.34;4/21/2021
Pink Ergonomic Sausages #(29742430);$271.79;4/7/2020
Frozen Ball for Cyberdyne #(40902140);$748.34;8/10/2021
Incredible Rubber Cheese #(85615197);$853.43;8/24/2024
Intelligent Copper Mouse #(80384491);$873.18;9/20/2022
Red Intelligent Fish #(49081339);$366.81;1/2/2025
Incredible Steel Ball #(28162862);$880.35;3/12/2022
Soylent Incredible Orange Shirt #(99338609);$991.24;2/13/2024
Unbranded Plastic Mouse #(65849649);$386.61;8/15/2024
Globex Durable Green Bike #(25308023);$102.68;5/29/2026
Gorgeous Linen Sausages #(57840222);$174.07;9/25/2026
Weyland Fish Recycled #(72879239);$1.70;5/14/2025
Unbranded Wooden Chair #(47761881);$986.41;5/29/2025
Nook Refined Magenta Tuna #(95785667);$887.04;2/27/2023
Velvet Gloves for Wayne #(59526866);$440.50;10/18/2020
Hooli Handcrafted Violet Chips #(78500803);$565.43;5/10/2023
Gold Handcrafted Mouse #(10908578);$511.70;2/25/2021
Plastic Chips for Dharma #(51691914);$205.29;6/17/2026
Weyland Shoe Waterproof #(84300665);$804.09;4/10/2020
Glass Towels for Umbrella #(57648253);$751.42;6/19/2026
Leather Car for BlackMesa #(87570047);$232.63;11/27/2023
Awesome Metal Shirt #(36026979);$239.52;9/29/2026
Intelligent Wooden Cheese #(47378575);$763.39;10/29/2025
Velvet Computer for Stark #(13829305);$643.02;3/18/2024
Black Budget Soap #(39370738);$121.67;4/21/2026
Linen Fish for Wayne #(69878442);$765.46;1/16/2022
Linen Pants for Initech #(41841859);$59.69;7/1/2025
Gorgeous Linen Chips #(56707621);$531.97;7/1/2026
Rubber Bike for Soylent #(36118272);$44.25;7/16/2021
Large Linen Fish #(10514781);$208.36;1/19/2022
Wooden Chair for Globex #(22808719);$865.65;12/2/2025
Plastic Ball for Wonka #(10215722);$572.82;1/23/2022
Indigo Sleek Chips #(37393173);$12.67;7/2/2023
Velvet Pizza for Dharma #(58086791);$396.47;2/10/2026
Purple Unbranded Bike #(90796584);$294.07;1/27/2026
Generic Plastic Computer #(59787386);$418.78;10/20/2023
Soylent Towels Automatic #(22029059);$780.48;1/17/2024
Luxury Granite Tuna #(77812489);$253.41;10/17/2026
Magenta Gorgeous Tuna #(14346473);$810.42;8/16/2023
Handcrafted Soft Table #(49906156);$112.23;3/3/2023
Silver Refined Salad #(78915623);$656.31;7/5/2022
Ergonomic Concrete Gloves #(63526214);$466.18;5/29/2024
Blue Intelligent Shoe #(50967256);$448.22;5/4/2025
Generic Granite Fish #(93173831);$385.08;3/11/2025
Wonka Shirt Compact #(82010156);$335.51;2/7/2020
Nook Pizza 2025 Model #(65244481);$380.57;7/26/2026
Teal Durable Computer #(46594390);$207.81;9/21/2021
Rustic Granite Bike #(12622701);$678.87;8/16/2025
Soylent Intelligent Red Tuna #(13360084);$676.14;3/6/2020
Tyrell Luxury Grey Ball #(90965296);$344.57;11/27/2022
Stark Chair 2025 Model #(22115072);$319.86;2/13/2025
Nook Practical Red Shoe #(10282538);$246.95;8/4/2020
Pink Budget Chicken #(33925229);$134.44;3/13/2025
Blue Ergonomic Ball #(42803796);$40.05;8/23/2023
Cotton Pizza for Umbrella #(88029947);$528.10;7/17/2025
Yoyodyne Pants Limited Edition #(89066838);$586.41;6/21/2025
Hooli Handcrafted Orange Fish #(55512992);$109.61;8/14/2021
Soylent Fish Battery Powered #(76928132);$490.84;4/14/2025
Silver Luxury Gloves #(26024146);$743.01;12/23/2026
Incredible Concrete Shirt #(81934171);$23.03;9/15/2020
Vandelay Fantastic Indigo Soap #(59406503);$590.46;3/17/2025
White Small Table #(77998562);$113.37;12/6/2025
Wayne Incredible Purple Computer #(16607770);$97.93;5/19/2026
Copper Computer for Nook #(83878723);$425.19;7/15/2020
Acme Soap Heavy Duty #(93659863);$464.73;1/23/2022
Grey Practical Chicken #(55493089);$421.91;6/17/2020
Fantastic Velvet Shoe #(40795792);$930.28;3/8/2024
Wonka Computer Manual #(74102687);$515.60;9/30/2026
Yoyodyne Generic Indigo Pants #(71881163);$413.72;6/23/2025
Concrete Towels for Wonka #(42757659);$686.83;10/2/2023
Wooden Bike for Weyland #(97382153);$643.85;8/8/2020
Gorgeous Concrete Tuna #(80983518);$771.46;2/27/2021
Practical Linen Computer #(68349106);$248.03;3/27/2022
Black Ergonomic Chicken #(18732218);$184.06;1/7/2026
Weyland Intelligent Pink Fish #(86487290);$787.92;5/20/2024
Glass Sausages for Massive #(60608908);$727.84;2/20/2020
Stark Bike Manual #(30227881);$41.12;8/11/2020
Pink Refined Cheese #(77156287);$882.21;9/18/2024
Yoyodyne Mouse Limited Edition #(56309973);$396.60;12/5/2026
Wayne Generic Cyan Cheese #(27370087);$179.49;10/31/2021
Globex Tasty Red Pants #(15709127);$417.30;8/13/2025
Practical Plastic Gloves #(67149201);$364.18;2/21/2021
Red Handcrafted Bike #(88911129);$481.60;11/2/2022
Massive Tasty Bronze Hat #(43990643);$320.72;4/14/2023
Cyan Rustic Fish #(71887768);$425.00;9/12/2024
Linen Shirt for Weyland #(79286312);$348.10;1/15/2026
Copper Soap for Stark #(62936883);$258.62;3/3/2021
Magenta Large Fish #(56806800);$117.60;9/24/2025
Grey Small Pants #(36808945);$540.06;3/30/2025
Nook Tuna 2025 Model #(26521881);$728.84;4/12/2021
Globex Durable Cyan Pizza #(25485905);$703.87;9/8/2025
Small Steel Fish #(98164943);$417.19;11/16/2021
Acme Salad Automatic #(70623044);$581.44;8/29/2024
Dharma Shirt Automatic #(37543520);$72.73;3/3/2021
Silver Sleek Car #(72326961);$752.36;3/28/2020
Hooli Practical Grey Fish #(84729090);$997.78;10/2/2024
Plastic Mouse for Acme #(15436463);$25.26;7/12/2025
Tyrell Large Gold Keyboard #(38687124);$435.30;3/9/2025
Globex Refined Yellow Computer #(88749045);$44.14;10/4/2021
Refined Bronze Chips #(45046434);$361.57;10/15/2026
Aperture Pizza Manual #(34949282);$682.05;11/8/2025
Massive Keyboard Waterproof #(39804020);$108.77;4/21/2025
Globex Durable Violet Mouse #(99126848);$73.85;9/2/2020
Tasty Leather Soap #(22682753);$275.52;12/16/2026
Initech Chair Automatic #(83867445);$351.15;2/10/2023
Tasty Metal Gloves #(26978813);$956.25;2/16/2025
Aperture Table Vintage Edition #(82593869);$441.01;1/13/2020
Vandelay Fish Compact #(95094988);$77.75;3/31/2022
Cyberdyne Soap Recycled #(49737896);$300.94;12/25/2020
Cyan Luxury Mouse #(86095666);$867.93;3/18/2023
Vandelay Fantastic White Shirt #(15660922);$151.13;12/26/2020
Initech Fantastic Grey Mouse #(65574091);$742.13;4/12/2023
Wonka Rustic Blue Table #(14251381);$738.82;9/29/2022
Soylent Pants Automatic #(41964488);$628.07;3/28/2025
Unbranded Bronze Chair #(21149309);$959.18;8/19/2026
Dharma Fantastic Purple Shoe #(96712338);$345.70;2/15/2021
Cotton Cheese for BlackMesa #(18461831);$40.81;12/5/2022
Weyland Practical Black Gloves #(43496630);$7.39;9/20/2022
Wonka Fish Limited Edition #(21261247);$456.17;8/26/2024
BlackMesa Tuna Heavy Duty #(48588754);$409.14;4/3/2025
Fresh Hat for BlackMesa #(29917010);$638.04;12/1/2024
Wool Soap for Weyland #(24791068);$96.86;4/5/2022
Sleek Concrete Sausages #(53982002);$167.38;2/4/2021
Acme Ball Automatic #(61140733);$93.52;11/18/2022
Silk Towels for Acme #(46779811);$449.55;8/27/2026
Hooli Soap Collector Item #(34056443);$839.25;3/13/2022
Vandelay Computer 2025 Model #(61567616);$301.78;1/21/2023
Grey Budget Cheese #(24329030);$466.47;8/10/2026
Ceramic Chips for Nook #(81603401);$263.84;6/1/2020
Velvet Table for Yoyodyne #(21418556);$561.87;2/6/2022
Cyan Handcrafted Tuna #(58041963);$173.84;10/16/2023
Red Practical Cheese #(94642073);$262.77;5/11/2025
Ergonomic Leather Computer #(81552008);$337.58;7/2/2025
Magenta Intelligent Computer #(97230637);$292.40;4/19/2024
Durable Leather Keyboard #(89724536);$876.99;3/20/2021
Initech Licensed Teal Shirt #(46781312);$186.08;2/5/2020
Granite Bacon for Stark #(47644373);$128.62;5/28/2023
Orange Incredible Bike #(56426157);$896.60;8/7/2023
Durable Concrete Computer #(37468477);$587.23;12/15/2024
Copper Shirt for Nook #(90658513);$246.12;11/4/2024
Weyland Generic Gold Soap #(16160906);$257.96;4/20/2021
Ceramic Fish for Soylent #(18891464);$838.68;5/25/2023
Plastic Soap for Weyland #(49785552);$578.48;3/6/2022
Rustic Soft Mouse #(33908539);$883.38;8/24/2024
Ceramic Soap for Aperture #(80282780);$347.54;7/11/2026
White Intelligent Hat #(85974135);$290.69;4/18/2025
Umbrella Table Fireproof #(20347116);$950.49;5/4/2024
Durable Copper Pizza #(59845482);$491.40;3/20/2026
Cotton Computer for Vandelay #(49376823);$369.00;11/27/2021
Initech Mouse Vintage Edition #(38216386);$742.36;11/30/2021
Tyrell Handcrafted Teal Chips #(62625548);$875.73;7/23/2025
Stark Luxury Gold Sausages #(18281807);$190.32;6/22/2025
Pink Durable Car #(56152626);$251.86;4/17/2022
Soft Salad for Wayne #(80739628);$310.17;7/3/2022
Concrete Chicken for Umbrella #(22471334);$947.31;3/15/2026
Frozen Car for Soylent #(12638253);$823.72;8/25/2024
Bronze Towels for Yoyodyne #(74485303);$470.62;12/31/2021
Cyan Intelligent Cheese #(29150453);$640.96;7/15/2022
Initech Bike Recycled #(31231828);$630.40;8/4/2023
Green Handcrafted Gloves #(23481199);$298.65;12/20/2020
MomCorp Refined Grey Pizza #(60388077);$724.58;7/6/2026
Rubber Table for Umbrella #(77494127);$691.58;7/4/2021
BlackMesa Computer Recycled #(14542172);$821.64;4/22/2024
Aperture Pizza Heavy Duty #(63471984);$759.37;8/27/2024
Granite Soap for Soylent #(65801067);$971.48;12/24/2025
Awesome Metal Fish #(73405173);$408.33;1/12/2026
Hooli Ergonomic Bronze Chicken #(27373313);$177.77;12/16/2020
Unbranded Silk Hat #(47755080);$886.69;1/28/2022
Linen Shoe for Aperture #(93747277);$33.56;9/20/2024
Silver Handcrafted Computer #(27584687);$11.74;11/3/2021
Indigo Ergonomic Towels #(76259522);$209.75;4/26/2021
Magenta Intelligent Computer #(20334935);$181.43;3/25/2022
Green Tasty Cheese #(33236612);$27.95;8/9/2022
Wooden Mouse for Initech #(45994925);$749.04;4/13/2020
Handcrafted Leather Car #(47323099);$899.62;8/28/2020
Plastic Car for Massive #(24004204);$331.48;3/7/2021
Blue Refined Chips #(23493113);$830.45;2/8/2025
Yoyodyne Cheese Lightweight #(60621784);$922.48;9/23/2026
Globex Shoe Lightweight #(87166604);$819.93;1/12/2024
Massive Car Automatic #(38540694);$518.96;5/30/2023
Small Copper Shoe #(64500803);$103.80;4/22/2024
Bronze Cheese for Tyrell #(78792746);$138.65;10/1/2025
Hooli Tuna Fireproof #(13955934);$601.87;3/21/2025
Yoyodyne Luxury Turquoise Soap #(41140151);$161.86;4/25/2026
Granite Shoe for Acme #(22899015);$898.32;5/8/2024
Magenta Practical Ball #(25245506);$814.80;10/17/2026
Concrete Soap for Dharma #(52076231);$476.45;7/17/2022
Rustic Granite Fish #(40962012);$296.31;2/11/2023
Stark Hat Battery Powered #(19546159);$878.44;2/23/2023
Wooden Shoe for Dharma #(35697736);$544.87;6/13/2020
Copper Chips for Yoyodyne #(35686082);$533.44;5/14/2020
Generic Linen Soap #(50273177);$853.59;11/17/2020
Sleek Rubber Keyboard #(81619205);$827.39;9/9/2026
Hooli Generic Violet Tuna #(40147721);$481.10;1/9/2026
Turquoise Budget Computer #(37988415);$446.30;10/1/2026
Acme Table 2025 Model #(58497378);$276.21;6/18/2022
MomCorp Gloves Fireproof #(70515481);$676.74;4/11/2024
Acme Shirt Lightweight #(36595979);$147.32;10/20/2022
Violet Incredible Keyboard #(27805449);$358.92;7/6/2022
Concrete Soap for Dharma #(15294631);$261.78;11/23/2026
Wooden Keyboard for MomCorp #(97365129);$253.22;9/15/2024
Initech Keyboard Battery Powered #(78835675);$527.92;9/6/2026
Copper Sausages for Wonka #(69532900);$802.74;3/22/2026
BlackMesa Handcrafted Blue Table #(12603077);$211.66;5/27/2024
Awesome Leather Shoe #(69361184);$393.54;10/27/2020
Weyland Computer Heavy Duty #(90469870);$423.93;11/19/2020
Leather Cheese for Soylent #(47558416);$67.41;1/22/2020
Durable Cotton Salad #(16587880);$805.93;1/16/2021
Silk Car for Initech #(75231707);$462.00;6/17/2024
Cotton Computer for Acme #(23512710);$942.59;6/19/2021
Umbrella Handcrafted Silver Towels #(32400018);$417.09;9/13/2021
Practical Velvet Fish #(38017316);$631.92;6/11/2020
White Awesome Bike #(35232367);$546.29;7/21/2026
Dharma Ball 2025 Model #(34652759);$816.37;8/30/2024
Blue Generic Shoe #(93344977);$47.97;10/26/2022
Steel Computer for BlackMesa #(13753888);$727.77;5/26/2021
Gorgeous Leather Pizza #(84524638);$531.64;11/8/2026
Refined Leather Sausages #(32983162);$698.81;7/14/2023
Glass Pizza for Wonka #(98763681);$57.50;4/25/2020
Wonka Towels Manual #(60723568);$800.96;4/30/2026
Budget Frozen Computer #(58799661);$40.28;12/11/2023
Black Small Computer #(78371086);$869.24;10/27/2023
Umbrella Intelligent Orange Bike #(49750906);$780.37;4/10/2020
Wayne Tuna Portable #(43945978);$540.28;10/19/2020
Dharma Licensed Turquoise Table #(49404609);$635.96;3/28/2023
Wayne Intelligent Silver Shoe #(88934956);$442.91;5/24/2024
Wonka Rustic Magenta Shoe #(12479623);$62.01;5/18/2022
Gold Handcrafted Fish #(96846160);$32.36;3/25/2020
Budget Ceramic Computer #(51326697);$655.00;7/28/2021
Nook Small Yellow Cheese #(39744151);$947.63;1/7/2026
Silk Soap for Yoyodyne #(52061482);$900.05;6/18/2024
Wonka Refined Grey Soap #(77242318);$628.04;5/13/2025
BlackMesa Refined Silver Shoe #(50148309);$721.57;10/17/2022
Acme Shirt Vintage Edition #(71334582);$845.89;1/18/2024
Silk Chair for Globex #(50562868);$383.88;4/3/2021
Stark Intelligent Indigo Bacon #(47840564);$463.22;11/23/2024
BlackMesa Tasty Lime Pants #(41586240);$368.30;8/8/2023
Tyrell Bike Portable #(51666441);$670.57;5/8/2026
Hooli Chicken Vintage Edition #(97614174);$453.75;3/27/2025
BlackMesa Refined Black Cheese #(91775287);$933.54;6/2/2020
Vandelay Gloves with WiFi #(65824417);$776.00;3/22/2022
Tyrell Practical Teal Ball #(65292492);$129.35;10/23/2024
Soylent Hat 2025 Model #(87393661);$585.65;1/3/2026
Vandelay Chair Recycled #(79296910);$967.55;1/17/2026
Tyrell Hat Heavy Duty #(52122283);$277.81;6/14/2020
Blue Handcrafted Cheese #(37451255);$386.65;5/14/2026
Silver Refined Soap #(29076419);$169.86;6/11/2021
Luxury Copper Towels #(75271843);$952.25;2/24/2020
Bronze Practical Hat #(54505779);$183.88;4/23/2022
Vandelay Chair 2025 Model #(52076207);$983.88;6/30/2024
Wool Mouse for BlackMesa #(60071283);$238.15;8/15/2025
Violet Incredible Hat #(83286668);$370.22;6/11/2025
Grey Licensed Bacon #(47098343);$741.92;7/24/2021
White Sleek Tuna #(10804660);$364.24;10/2/2025
Silk Bacon for Acme #(22066645);$984.91;5/3/2024
Velvet Chair for Yoyodyne #(46489144);$421.49;10/6/2021
Linen Ball for Wayne #(79767719);$657.88;10/17/2021
Cyberdyne Bacon Manual #(90536163);$692.80;3/15/2024
Ergonomic Bronze Gloves #(85275825);$920.28;2/3/2022
Frozen Mouse for Dharma #(13813293);$968.15;12/17/2021
Luxury Concrete Pants #(17738133);$685.92;7/3/2025
Ceramic Hat for Tyrell #(47213135);$711.51;11/15/2022
Blue Handcrafted Hat #(27559347);$621.16;7/7/2026
Soylent Chips Compact #(97107446);$158.63;6/6/2021
Orange Small Soap #(58200236);$980.56;4/1/2026
Massive Large Grey Gloves #(29908214);$836.18;11/15/2023
Hooli Licensed Grey Shoe #(30820359);$540.18;8/13/2025
Soylent Chips Battery Powered #(89179958);$523.11;10/14/2021
Pink Budget Towels #(42788796);$806.25;2/28/2021
Indigo Awesome Keyboard #(81953343);$799.33;9/26/2023
Orange Durable Shoe #(20719690);$63.14;12/8/2020
Indigo Licensed Chips #(78868727);$99.08;2/3/2022
Stark Licensed Lime Sausages #(22308228);$541.86;11/19/2022
Globex Bike Manual #(31443500);$133.93;11/13/2021
Red Awesome Computer #(41214080);$669.69;1/5/2022
Copper Mouse for Soylent #(44580459);$834.83;2/27/2024
Generic Glass Chair #(35573345);$655.96;9/25/2025
Soylent Generic Turquoise Towels #(12577965);$755.17;6/14/2020
Velvet Bike for Umbrella #(56690624);$399.64;8/18/2022
Plastic Car for Umbrella #(72664358);$874.63;8/22/2025
Stark Handcrafted Green Chips #(56073165);$635.19;2/1/2021
Steel Shoe for Stark #(80335572);$113.26;12/1/2021
Vandelay Handcrafted Grey Soap #(26366525);$536.48;8/23/2024
Red Awesome Chips #(49480700);$222.27;6/12/2025
Acme Fantastic Gold Sausages #(49646418);$870.76;12/4/2023
Stark Bike Heavy Duty #(39789579);$369.15;7/18/2020
Fantastic Bronze Bacon #(11872195);$791.03;7/6/2026
Cyberdyne Chips Limited Edition #(34664815);$249.72;10/21/2021
Black Durable Mouse #(93450852);$770.05;6/2/2020
Soylent Bacon Lightweight #(81374343);$71.91;2/5/2025
Green Licensed Salad #(60442693);$651.37;1/7/2026
Green Fantastic Hat #(61130045);$872.54;9/12/2020
Linen Gloves for Yoyodyne #(50416457);$319.21;9/7/2025
Bronze Salad for Aperture #(78334753);$677.43;9/5/2025
Ceramic Salad for Nook #(28361265);$832.29;12/4/2023
Orange Budget Computer #(59303042);$479.50;8/18/2024
Practical Rubber Table #(61659749);$817.36;6/8/2025
BlackMesa Durable Gold Bacon #(84522461);$428.46;9/4/2022
Vandelay Large White Chicken #(34305454);$576.32;4/15/2023
Wooden Salad for Aperture #(10299112);$551.20;12/31/2025
Wayne Pizza Eco-friendly #(56406772);$88.86;9/19/2023
Globex Sausages Fireproof #(44816680);$470.85;5/27/2023
Yoyodyne Bike Manual #(68835099);$634.57;2/2/2021
Frozen Computer for Acme #(11141268);$443.00;4/5/2021
Orange Rustic Hat #(85613421);$239.69;7/1/2024
Luxury Linen Shoe #(45333219);$478.65;10/18/2020
White Durable Pizza #(35364175);$832.33;4/30/2024
Copper Bacon for Nook #(73701505);$714.05;8/12/2023
Soylent Pizza Waterproof #(66602830);$298.95;6/8/2023
Rustic Leather Shirt #(43363993);$620.66;5/26/2023
Unbranded Plastic Chips #(59646029);$306.09;9/22/2022
Gorgeous Frozen Computer #(66934319);$360.81;2/26/2022
Yoyodyne Table Fireproof #(27474409);$544.77;1/31/2024
Soylent Ergonomic Cyan Soap #(50293517);$473.64;2/3/2025
Ergonomic Soft Towels #(67352369);$400.37;5/21/2024
Stark Pants Battery Powered #(98234126);$920.00;8/21/2023
Dharma Pants 2025 Model #(29170218);$20.86;9/9/2023
Nook Refined Purple Car #(39906838);$709.48;6/3/2020
Licensed Concrete Salad #(22101288);$96.04;1/18/2022
Large Plastic Pants #(57588309);$107.34;2/12/2022
Luxury Silk Bike #(60475709);$50.76;4/7/2025
Licensed Velvet Computer #(62912948);$14.82;6/15/2021
Globex Ergonomic White Towels #(60879224);$711.85;6/17/2023
Wayne Small Yellow Cheese #(75135291);$427.42;4/29/2025
Blue Rustic Salad #(16483519);$268.67;5/15/2020
Tyrell Chips Fireproof #(60302804);$951.83;6/10/2021
BlackMesa Practical Red Pants #(24841214);$907.97;5/14/2025
Green Rustic Pants #(43148091);$282.99;1/18/2026
Pink Incredible Fish #(82777636);$984.24;11/21/2025
Cotton Shoe for Yoyodyne #(70947331);$383.06;8/25/2020
Green Awesome Soap #(14998452);$539.47;3/27/2023
Massive Chair Compact #(72642907);$612.37;5/17/2024
Metal Tuna for Yoyodyne #(61998407);$233.89;4/21/2022
Refined Soft Shirt #(78085128);$213.50;7/2/2022
Wayne Small Violet Keyboard #(45371285);$492.08;3/5/2024
Copper Bacon for Aperture #(62544181);$15.32;9/2/2021
Silk Mouse for MomCorp #(41711882);$325.23;8/11/2020
Lime Tasty Car #(15376281);$730.60;12/7/2025
Soft Cheese for Wonka #(57262118);$981.04;11/24/2021
Refined Metal Ball #(34619568);$442.57;11/1/2020
Soylent Cheese Compact #(16129847);$880.88;4/24/2025
Grey Intelligent Hat #(98533353);$992.63;3/8/2022
Massive Tuna Recycled #(98107996);$846.31;6/21/2026
Cyberdyne Large Green Chips #(70154978);$430.13;1/2/2026
Budget Cotton Computer #(17391344);$393.85;3/21/2024
Ergonomic Cotton Soap #(62333386);$732.59;11/25/2026
Globex Keyboard Heavy Duty #(68844230);$543.75;10/10/2026
Licensed Concrete Fish #(85928556);$342.89;11/17/2022
Frozen Hat for Wonka #(64572311);$975.11;8/4/2021
Weyland Hat Waterproof #(10355105);$657.35;12/20/2020
Weyland Shirt Battery Powered #(20935058);$855.31;10/10/2020
Concrete Fish for Tyrell #(60435148);$818.61;1/17/2026
Hooli Keyboard Compact #(95687740);$811.80;3/22/2021
Yellow Gorgeous Soap #(45709178);$810.60;6/8/2020
Concrete Mouse for Tyrell #(47325159);$904.91;3/31/2023
Small Frozen Chicken #(71698314);$582.55;11/20/2023
Cyberdyne Small Bronze Hat #(44328388);$718.74;11/7/2021
Ergonomic Frozen Soap #(76591339);$347.73;3/9/2021
Bronze Chair for Dharma #(41290068);$915.14;2/18/2025
Fresh Sausages for Nook #(37471564);$133.05;12/26/2020
Tasty Frozen Computer #(99554555);$247.82;8/27/2023
Metal Salad for Wayne #(57545127);$559.21;10/2/2026
Fantastic Cotton Chips #(13986769);$689.58;2/19/2023
Budget Copper Ball #(38532179);$663.95;4/18/2021
Tyrell Fantastic Magenta Shirt #(81852704);$436.21;3/31/2023
Glass Pizza for Yoyodyne #(14697749);$175.54;6/1/2021
Turquoise Small Shirt #(44529436);$931.33;9/6/2026
Massive Bike 2025 Model #(30714772);$80.75;5/23/2023
Generic Bronze Computer #(98302010);$892.44;9/16/2023
Nook Chair Battery Powered #(93586515);$663.10;1/28/2024
Wonka Chair Recycled #(57731834);$641.30;4/3/2022
Wooden Soap for Weyland #(69777046);$398.06;9/25/2022
Weyland Luxury Bronze Shirt #(66453303);$121.05;8/6/2021
BlackMesa Ergonomic Teal Cheese #(17037101);$798.79;6/3/2024
Frozen Sausages for Stark #(77179211);$878.78;11/10/2020
Nook Car Portable #(38804842);$169.68;5/14/2024
Budget Rubber Table #(11967595);$360.22;6/25/2024
Incredible Copper Cheese #(10859382);$519.81;10/5/2026
Wooden Tuna for Yoyodyne #(52711122);$571.06;1/28/2025
Yoyodyne Luxury Green Gloves #(81215413);$30.89;8/1/2022
Glass Chips for Yoyodyne #(74353367);$958.54;1/12/2026
Orange Generic Car #(82086799);$35.84;12/3/2026
Lime Unbranded Shoe #(84103921);$42.06;2/5/2026
Dharma Towels Heavy Duty #(91929705);$940.14;5/1/2021
Soylent Cheese Portable #(62564791);$199.33;11/30/2023
Rustic Metal Fish #(91088640);$936.87;1/23/2020
Orange Licensed Pants #(74415410);$253.54;8/28/2023
Copper Pizza for Globex #(30667996);$561.69;8/13/2020
Frozen Bacon for Aperture #(16394880);$981.66;10/29/2024
Steel Pizza for Stark #(17276391);$577.38;12/29/2023
Refined Silk Bacon #(13744936);$947.07;5/17/2026
Steel Computer for Cyberdyne #(53244625);$807.82;10/26/2021
Wool Pants for Wayne #(65494513);$277.48;12/1/2025
MomCorp Handcrafted Grey Chips #(55475942);$116.64;7/1/2020
Yellow Incredible Chair #(22938151);$394.91;9/21/2026
Violet Handcrafted Computer #(37528432);$31.56;12/12/2022
Concrete Table for BlackMesa #(96654654);$95.75;9/26/2023
Rustic Wooden Gloves #(33306101);$170.14;3/20/2024
Yellow Small Ball #(60472795);$812.41;9/22/2021
Cyberdyne Incredible Grey Towels #(65243467);$788.96;4/9/2022
Green Generic Bacon #(44569713);$290.15;3/5/2022
Initech Tasty Bronze Chips #(73145335);$887.73;3/5/2024
Concrete Hat for Globex #(64910333);$11.33;8/4/2024
Bronze Pizza for Tyrell #(97908418);$657.20;5/31/2020
Budget Rubber Salad #(55157059);$716.31;12/9/2021
Tyrell Fantastic Pink Computer #(76058635);$987.52;6/24/2023